ID,Address
1,6-14 Acacia Avenue Ararat VIC Australia 3377
2,306 Jetty Road Rosebud VIC Australia 3939
3,272 Church St Cowes VIC Australia 3922
4,435 Cureton Ave Mildura VIC Australia 3500
5,27 Cawood St Apollo Bay VIC Australia 3233
6,Willow Grove Myrtleford VIC Australia 3737
7,50 Saltwater Promenade Point Cook VIC Australia 3030
8,26 Main Street 26 Main Street Bacchus Marsh VIC 3340
9,Bridge Rd Bridge Rd Corowa NSW 2646
10,153 Barrabool Road Belmont VIC Australia 3216
11,151 Stanley Road Beechworth VIC Australia 3747
12,20 Peach Drive Beechworth VIC Australia 3747
13,115 Sydney Road Benalla VIC Australia 3672
14,56 Remembrance Drive Cardigan VIC Australia 3350
15,"1449 Calder Hwy Marong, Bendigo VIC Australia 3515"
16,78 Bellarine Highway Queenscliff VIC Australia 3225
17,121 Forbes Road Leigh Creek VIC 3352
18,265 Elizabeth St 265 Elizabeth St Coburg VIC 3058
19,30 Trevan Street 30 Trevan Street Seymour VIC 3660
20,186 Murray Valley Hwy Swan Hill VIC 3585
21,3380 Maroondah Highway Taggerty VIC Australia 3714
22,25 Great Ocean Road Wye River VIC Australia 3221
23,Arnot St Bonnie Doon VIC Australia 3720
24,1A Horwood Drive 1A Horwood Drive Breamlea VIC 3227
25,810 Boneo Road Cape Schanck VIC Australia 3939
26,17 Purcell Street Clunes VIC Australia 3370
27,1994 Murray Valley Highway 1994 Murray Valley Highway Colac Colac VIC 3707
28,3021 Ballan Daylesford Road Daylesford VIC 3460
29,2 Wimmera St 2 Wimmera St Dimboola VIC 3414
30,25 Pertobe Road 25 Pertobe Road Warrnambool VIC 3280
31,"59 Barrabool Rd Belmont, Geelong VIC Australia 3216"
32,33 Boathaven Road 33 Boathaven Road Ebden VIC 3691
33,75 River Avenue 75 River Avenue Echuca VIC 3564
34,36 Mt Buffalo Road Porepunkah VIC Australia 3740
35,69 Loddings Lane 69 Loddings Lane Nagambie VIC 3608
36,200 Doon Road Yarra Junction VIC 3797
37,5 Mercer Street Portarlington VIC Australia 3223
38,72 Lake St Edenhope VIC Australia 3318
39,10 Eildon Rd Eildon VIC 3713
40,104 Stawell St Ballarat VIC Australia 3350
41,6003 Pyrenees Hwy Ararat VIC Australia 3377
42,111 Griffiths Street Port Fairy VIC 3284
43,6003 Pyrenees Hwy Ararat VIC Australia 3377
44,621 Torquay Road (Surfcoast Hwy) Mount Duneed VIC Australia 3216
45,850 Main Neerim Road Drouin West VIC 3818
46,"14 Hore Rd, Bowna NSW 2644"
47,23 - 27 Tymna Drive Halls Gap VIC Australia 3381
48,75 Shakespeare St Hamilton VIC 3300
49,9161 Western Hwy Haven VIC 3401
50,1 Surf Beach Rd Cape Paterson VIC Australia 3995
51,2 Cuttriss St Inverloch VIC Australia 3996
52,The Esplanade Inverloch VIC Australia 3996
53,19 Bridge Street Koonoomoo VIC 3644
54,24 Old Bridge Drive Newhaven VIC Australia 3925
55,55 Surf Coast Hwy Torquay VIC Australia 3228
56,1165 Frankston Dandenong Road Carrum Downs VIC Australia 3201
57,100 Broadway Bonbeach VIC Australia 3196
58,1325 Frankston-Dandenong Road Carrum Downs VIC Australia 3201
59,4580 Calder Hwy Inglewood VIC 3517
60,6 Grey Street Jamieson VIC Australia 3723
61,151 Lake Road 151 Lake Road Daylesford VIC 3460
62,1 - 13 Great Ocean Road 1 - 13 Great Ocean Road Kennett River VIC 3234
63,125 Mahoneys Road Killarney VIC 3283
64,110 Northern Hwy 110 Northern Hwy Kilmore VIC 3764
65,687 Esplanade Lakes Entrance VIC Australia 3909
66,High St Koroit VIC 3282
67,1 Gunmins Lane Kimbolton VIC Australia 3551
68,650 Mokepilly Rd Lake Fyans Via Pomonal VIC Australia 3381
69,8 Ballarat Road Hamilton VIC 3300
70,220 Park Rd Camperdown VIC 3260
71,363 Stephenson Road Nicholson VIC Australia 3882
72,62 Punt Rd 62 Punt Rd Johnsonville VIC 3902
73,114 Rix Road Officer VIC Australia 3809
74,65 Channel Road Shepparton VIC Australia 3630
75,35 Airfield Rd Traralgon VIC Australia 3844
76,105 Warburton Highway Lilydale VIC Australia 3140
77,21 Harris Drive 21 Harris Drive Lucas VIC 3350
78,38 Salmon Street Hastings VIC Australia 3915
79,21 Marine Pde Marlo VIC 3888
80,7-9 Holyrood St Maryborough VIC Australia 3465
81,1 Butler Street Deniliquin NSW 2710
82,31 Montgomery Way Mortlake VIC 3272
83,143 High St Nagambie VIC Australia 3608
84,143 High St Nagambie VIC 3608
85,90 Caravan Park Road 90 Caravan Park Road Narrawong VIC 3285
86,2 Main St 2 Main St Bairnsdale VIC 3875
87,108 Clayton St 108 Clayton St Ballarat VIC 3350
88,1 Cherry Lane Bright VIC 3741
89,42 Eastern Beach Rd Lakes Entrance VIC 3909
90,8 Crofton Street Echuca VIC 3564
91,2372 Grampians Road 2372 Grampians Road Halls Gap VIC 3381
92,199-205 Flora Ave Mildura VIC 3500
93,164 Church St 164 Church St Cowes VIC 3922
94,30 Morris Street Port Campbell VIC Australia 3269
95,184 Bentinck Street Portland VIC 3305
96,125 Jubilee Park Rd Warrnambool VIC 3280
97,160 Melville St Numurkah VIC Australia 3636
98,2 Pinkerton Crescent Wangaratta VIC Australia 3677
99,5016 Maroondah Highway Alexandra VIC 3714
100,37 Percy Street Portland VIC Australia 3305
101,74 Garden Street Portland VIC Australia 3305
102,134 Hesse Street Queenscliff VIC Australia 3225
103,134 Hesse Street 134 Hesse Street Queenscliff VIC 3225
104,Campbell Rd Cobram VIC Australia 3644
105,70 Cape Paterson - Inverloch Rd Inverloch VIC Australia 3996
106,25-51 Crescent Street Echuca VIC 3564
107,1134 Stewarts Bridge Road Lower Moira VIC Australia 3639
108,James St Port Fairy VIC 3284
109,1B Stony Point Road Stony Point Caravan Park Crib Point VIC 3919
110,1225-1239 Swan Bay Road 1225-1239 Swan Bay Road Swan Bay VIC 3225
111,2143 Princes Hwy Swan Reach VIC Australia 3903
112,2040 Princes Highway Swan Reach VIC 3903
113,131 Merool Road Moama NSW 2731
114,3327 Spring Drive 3327 Spring Drive Mulwala NSW 2647
115,69 Dungula Way Moama NSW 2731
116,7-15 Churchill Avenue Bright VIC Australia 3741
117,9 Welshpool Road Toora VIC Australia 3962
118,6 Valley View Drive Whitfield VIC Australia 3733
119,500 Yambuna Bridge Rd Kotupna VIC Australia 3638
120,30 Woods Point Road Warburton VIC Australia 3799
121,81 Henna St Warrnambool VIC 3280
122,Woodside Beach Road Woodside Beach VIC Australia 3874
123,15 The Esplanade Ocean Grove VIC Australia 3226
124,15 Lake View Drive Yambuk VIC 3285
125,375 Commercial Road Yarram VIC Australia 3971
126,6705 Midland Highway 6705 Midland Highway Mooroopna VIC 3629
127,37 Ardlie Street Attwood VIC Australia 3049
128,818-820 Fifteenth Street Mildura VIC Australia 3500
129,459 Headworks Rd 459 Headworks Rd Torrumbarry VIC 3562
130,35 Cameron Road 35 Cameron Road Anglesea VIC 3230
131,70 Great Ocean Rd 70 Great Ocean Rd Apollo Bay VIC 3233
132,1 Lawson Street 1 Lawson Street Mooroopna VIC 3629
133,2 Liebig Street 2 Liebig Street Avoca VIC 3467
134,263 Scott Parade Brownhill VIC Australia 3350
135,1 Noorong Street 1 Noorong Street Barham NSW 2732
136,52 Murray St Barmah VIC Australia 3639
137,7 Ewing Blythe Drive 7 Ewing Blythe Drive Barwon Heads VIC 3227
138,39 Park Road 39 Park Road Beaufort VIC 3373
139,2 Sydenham Inlet Road Bemm River VIC Australia 3889
140,19-25 Great Ocean Road Aireys Inlet VIC Australia 3231
141,45 Murray St Anglesea VIC Australia 3230
142,311 Great Ocean Road Apollo Bay VIC 3233
143,138 East Barham Road 138 East Barham Road Barham NSW 2732
144,1801 Bellarine Highway Marcus Hill VIC Australia 3222
145,"761 McIvor Highway Junortoun, Bendigo VIC Australia 3551"
146,65 Mckoy Street Wodonga VIC Australia 3690
147,1 Doran Avenue 1 Doran Avenue Castlemaine VIC 3450
148,370 Frankston Dandenong Road 370 Frankston Dandenong Road Dandenong South VIC 3175
149,Lot 100 Ochtertyre Street Deniliquin NSW 2710
150,Level 1 Hawthorn East VIC Australia 3123
151,21 Museum Drive 21 Museum Drive Kerang VIC 3579
152,472 - 486 Deakin Avenue Mildura VIC Australia 3502
153,2 Robinsons Road Frankston VIC 3199
154,6674 Great Alpine Road 6674 Great Alpine Road Porepunkah VIC 3740
155,115 Princes Highway 115 Princes Highway Port Fairy VIC 3284
156,Stuart Highway Renmark SA Australia 5341
157,1 Monash Dr 1 Monash Dr Swan Hill VIC 3585
158,7835 Goulburn Valley Highway Kialla VIC Australia 3631
159,186 Murray Valley Hwy Swan Hill VIC Australia 3585
160,15 Heinz Street 15 Heinz Street White Hills VIC 3550
161,1-11 Mountbatten Avenue 1-11 Mountbatten Avenue Bright VIC 3741
162,33 Lava Street Warrnambool VIC Australia 3280
163,1 - 13 Bruton Street Tocumwal NSW Australia 2714
164,5353 Princes Highway 5353 Princes Highway Traralgon VIC 3844
165,170 Bowser Road North Wangaratta VIC Australia 3678
166,623 Esplanade Lakes Entrance VIC Australia 3909
167,55 Roadknight Street Lakes Entrance VIC Australia 3909
168,419 Don Road Healesville VIC Australia 3777
169,90 Manna Gum Drive 90 Manna Gum Drive Cape Otway VIC 3233
170,41 Golden Point Road 41 Golden Point Road Blackwood VIC 3458
171,45 William Road 45 William Road Blairgowrie VIC 3942
172,2110-2118 Sydney Road Campbellfield VIC Australia 3061
173,20 Brunt Road Beaconsfield VIC Australia 3807
174,20 Brunt Road Beaconsfield VIC 3807
175,240 Hutchinsons Road Bonnie Doon VIC Australia 3720
176,65 Murray Street Tocumwal NSW Australia 2714
177,186-196 Godfrey St Boort VIC Australia 3537
178,91 Breakaway Road Acheron VIC Australia 3714
179,746 Back Eildon Road Eildon VIC Australia 3713
180,2223 Grampians Road Halls Gap VIC Australia 3381
181,26 School Road 26 School Road Halls Gap VIC 3381
182,1 Park St Bridgewater On Loddon VIC 3516
183,106 Coronation Avenue 106 Coronation Avenue Bright VIC 3741
184,4-10 Toorak Ave 4-10 Toorak Ave Bright VIC 3741
185,160 Tarrango Rd Yarra Junction VIC Australia 3797
186,43 Phillips Lane Lucknow VIC 3875
187,44 Old Murray Valley Highway 44 Old Murray Valley Highway Brimin VIC 3685
188,68 Sturt Highway Cullulleraine VIC Australia 3496
189,349 Eastbourne Road 349 Eastbourne Road Capel Sound VIC 3940
190,6 Fullard Road 6 Fullard Road Narre Warren VIC 3805
191,2163 Fifteenth Street Irymple VIC Australia 3498
192,3186 Murray Valley Highway 3186 Murray Valley Highway Cobram VIC 3644
193,8 Racecourse Rd 8 Racecourse Rd Cobram VIC 3644
194,3 Ritchie Road 3 Ritchie Road Cobram VIC 3644
195,"58 Cohuna Island Road, (On Gunbower Island) Cohuna VIC Australia 3568"
196,12 Cushing Ave 12 Cushing Ave Creswick VIC 3363
197,Warrandyte Rd Warrandyte Rd Doncaster East VIC 3109
198,1 Noorong Street Barham NSW Australia 2732
199,20 - 24 Davidson Street Deniliquin NSW Australia 2710
200,15 Websters Lane 15 Websters Lane Freeburgh VIC 3741
201,129 Ashley Street Braybrook VIC Australia 3019
202,131 Nepean Highway 131 Nepean Highway Dromana VIC 3936
203,2 The Boulevard 2 The Boulevard Eildon VIC 3713
204,302 Back Eildon Road Thornton VIC Australia 3712
205,262-270 Princes Way 262-270 Princes Way Drouin VIC 3818
206,"360 Ballarat Road Batesford, Geelong VIC 3221"
207,322 Don Road Healesville VIC 3777
208,14 Station St 14 Station St Erica VIC 3825
209,73-103 Kirkland Avenue Euroa VIC 3666
210,207 Newcombe St Portarlington VIC Australia 3223
211,16-24 Box Forest Rd Glenroy VIC Australia 3046
212,2A Railway Avenue Werribee VIC Australia 3030
213,597 Lower Dandenong Rd 597 Lower Dandenong Rd Dingley Village VIC 3172
214,1 Station St 1 Station St Forrest VIC 3236
215,20 - 22 Pier Road 20 - 22 Pier Road Grantville VIC 3984
216,27-41 Glenvue Road Rye VIC Australia 3941
217,"293-297 Midland Highway, Epsom Bendigo VIC 3551"
218,134-138 Park Road Maryboroguh VIC Australia 3465
219,35 Bayside Blvd 35 Bayside Blvd Goughs Bay VIC 3723
220,Cnr Redman & Long Gully Roads Pomonal VIC 3381
221,Cnr Great Ocean Road & Irvine Street Peterborough VIC Australia 3270
222,85 Ritchie Road Cobram VIC 3644
223,8 Amble Lane Port Fairy VIC Australia 3284
224,10 Soho Blvd Berwick VIC 3978
225,106-110 Marine Drive Safety Beach VIC Australia 3936
226,3 Barrack St 3 Barrack St Heathcote VIC 3523
227,1 Ultimo Street Mansfield VIC Australia 3722
228,33 Emily Street Seymour VIC Australia 3660
229,659 Murray Valey Highway 659 Murray Valey Highway Tyntynder South VIC 3586
230,154 High Street Violet Town VIC Australia 3669
231,190 Firebrace Street Horsham VIC Australia 3400
232,55 Hume Street Howlong NSW 2643
233,2740 Mansfield Woods Point Rd Howqua VIC 3723
234,260A The Esplanade Indented Head VIC 3223
235,"313A The Esplanade, Indented Head VIC 3223"
236,"298A The Esplanade, Indented Heads VIC 3223"
237,16-24 Box Forest Rd Glenroy VIC 3046
238,639 Ballarat Road 639 Ballarat Road Albion VIC 3020
239,2A Railway Avenue Werribee VIC Australia 3030
240,The Esplanade Inverloch VIC 3996
241,40 Watt Street Lara VIC 3212
242,65 Eleanor Drive Lucas VIC 3350
243,19-41 Goroke Street Inverloch VIC Australia 3996
244,93 Sunset Strip 93 Sunset Strip Jan Juc VIC 3228
245,Peterson Avenue Jeparit VIC 3418
246,501 Jerusalem Creek Rd Eildon VIC Australia 3713
247,30-36 Chapel Street Cowes VIC Australia 3922
248,1-9 Sinclair Avenue Rye VIC Australia 3941
249,2625 Murray Valley Highway Mystic Park VIC 3579
250,2 Baker St Kaniva VIC 3419
251,127 High St Nagambie VIC Australia 3608
252,9399 Murray Valley Hwy Kerang VIC Australia 3579
253,5 Keene Street Koondrook VIC 3580
254,56 Bourke St Korumburra VIC Australia 3950
255,14 Anderson St Kyabram VIC Australia 3620
256,58 Brownbill Reserve Road Laanecoorie VIC Australia 3463
257,1 Alliance Street Chiltern VIC Australia 3683
258,153 Murray Valley Highway Lake Boga VIC Australia 3584
259,1921 Murray Valley Highway 1921 Murray Valley Highway Lake Charm VIC 3581
260,36 Park Road 36 Park Road Lake Charm VIC 3581
261,51 Fyans Street Colac VIC 3250
262,710 Licola Road Glenmaggie VIC Australia 3858
263,540 Purrumbete Estate Road Koallah VIC Australia 3260
264,558 Lake Tyers Beach Rd Lake Tyers Beach VIC Australia 3909
265,Queen Elizabeth Dr Queen Elizabeth Dr Tallangatta VIC 3700
266,"127 Princes Hwy., Lakes Entrance VIC Australia 3909"
267,86 Golf Links Road Lakes Entrance VIC 3909
268,540 Howes Creek Road Mansfield VIC Australia 3722
269,14 Jamieson-Licola Road Licola VIC 3858
270,10 Skylark Boulevard Clyde North VIC 3978
271,17 Booker Rise Bittern VIC 3918
272,111 - 139 Coburns Rd Brookfield VIC 3338
273,45 Annabella Street Cranbourne East VIC 3977
274,29 Wells Road Chelsea Heights VIC Australia 3196
275,24 Twynam Road Clyde North VIC 3978
276,85 Mushu Street Deanside VIC 3336
277,28-36 Barton Street Bell Park VIC 3215
278,240 High Street Hastings VIC Australia 3915
279,45 Heytesbury Drive Officer South VIC 3809
280,150 De Rossi Boulevard Wollert VIC 3750
281,123 Boundary Road Mount Duneed VIC 3217
282,60 Gambier Street Ocean Grove VIC 3226
283,13 Sundial Boulevard Tarneit VIC 3029
284,134 Warragul - Lardner Road Warragul VIC Australia 3820
285,65 Brighton Road Wollert VIC 3750
286,Stuart Road Tyabb VIC 3913
287,1 Charles St Loch Sport VIC Australia 3851
288,565 Maryborough Rd Baringhup VIC Australia 3463
289,355 McClelland Drive Langwarrin VIC Australia 3910
290,6 POrt Welshpool Road Welshpool VIC 3965
291,2 Great Ocean Road Lorne VIC 3232
292,95 Genoa-Mallacoota road Mallacoota VIC Australia 3892
293,8 Timothy Lane Mansfield VIC 3722
294,Off Great Ocean Road Apollo Bay VIC 3233
295,10 Argyle Parade 10 Argyle Parade Marlo VIC 3888
296,26-28 Park Lane Traralgon VIC Australia 3844
297,"898 North Redesdale Road, Redesdale VIC 3444"
298,898 North Redesdale Road Redesdale VIC 3444
299,3028 Midland Highway Lima South VIC Australia 3673
300,3028 Midland Highway 3028 Midland Highway Lima South VIC 3673
301,30-40 Cureton Ave East Mildura VIC 3500
302,1784 Mitta Nth. Rd. Mitta Mitta VIC Australia 3701
303,Cnr Cobb Hwy & Shaw St Cnr Cobb Hwy & Shaw St Moama NSW 2731
304,96 Old Barmah Road 96 Old Barmah Road Moama NSW 2731
305,4352 Goulburn Valley Highway Molesworth VIC 3718
306,739 Gilmour Road Moama NSW 2731
307,98 Bungower Rd Mornington VIC Australia 3931
308,Point Nepean Road Rosebud VIC Australia 3939
309,13 Harrisons Lane Off Mt Buffalo Rd Porepunkah VIC Australia 3740
310,101 River Road Murchison VIC Australia 3610
311,260 Wasers Road Strathmerton VIC Australia 3641
312,8 Lewis Ave Myrtleford VIC Australia 3737
313,351 Lake Road Natimuk VIC 3409
314,915 Princes Hwy Nicholson VIC Australia 3882
315,2636 Murray Valley Highway Nyah VIC Australia 3594
316,25 Main Road 25 Main Road Gellibrand River VIC 3239
317,105 Racecourse Rd Pakenham VIC 3810
318,48 Settlement Road Cowes VIC Australia 3922
319,9 Taronga Road 9 Taronga Road Truganina VIC 3029
320,51 Gells Road 51 Gells Road Glenmaggie VIC 3858
321,1805 Phillip Island Road 1805 Phillip Island Road COWES VIC 3922
322,4/14 Gilsenan st Paynesville VIC 3880
323,300 Clifton Avenue Leopold VIC Australia 3224
324,26 Boat Ramp Road Lake Charm VIC Australia 3581
325,2 Ponderosa Place Dromana VIC Australia 3936
326,249 High Street Hastings VIC Australia 3915
327,75 Peppin Drive Bonnie Doon VIC Australia 3720
328,Picnic Point Road OFF COBB HIGHWAY Mathoura NSW 2710
329,2 Bell Street Heywood VIC 3304
330,61 Hospital St Wedderburn VIC Australia 3518
331,7065 Great Alpine Road Porepunkah VIC Australia 3740
332,139 Princes Highway 139 Princes Highway Port Fairy VIC 3284
333,2 Sproat Street Portarlington VIC Australia 3223
334,120 Derril Road Portland VIC 3305
335,215 Dutton Way Portland VIC 3305
336,60 Myer Street Lakes Entrance VIC Australia 3909
337,38 Nelson St Foster VIC 3960
338,2A Railway St Rainbow VIC Australia 3424
339,Cnr Sturt Hwy and Punt Rd Cnr Sturt Hwy and Punt Rd Gol Gol NSW 2738
340,386 Honour Ave (Albury Rd) Corowa NSW Australia 2646
341,48 Pianta Rd Echuca VIC Australia 3564
342,18 Junction Road Porepunkah VIC 3740
343,Barwon Heads - Ocean Grove Road Ocean Grove VIC Australia 3226
344,90 Marine Dve Safety Beach VIC Australia 3936
345,25 McLennan Drive Robinvale VIC Australia 3549
346,2-20 Morton St Rochester VIC 3561
347,1 - 15 Church Street Rochester VIC 3561
348,172 Point Lonsdale Road 172 Point Lonsdale Road Point Lonsdale VIC 3225
349,On Foreshore Rye VIC 3941
350,1-41 Maffra Sale Road Sale VIC 3850
351,1 Davis Point Road 1 Davis Point Road San Remo VIC 3925
352,Kingburgh Close Drouin VIC Australia 3818
353,140 Alexander Avenue Leopold VIC Australia 3224
354,89-103 Beach Parade Sandy Point VIC Australia 3959
355,257 Nepean Hwy Seaford VIC Australia 3198
356,1 Futcher street Seaspray VIC Australia 3851
357,411-421 Settlement Road Cowes VIC 3922
358,65 Mckoy Street Wodonga VIC Australia 3690
359,350 Lester Road Yanakie VIC Australia 3960
360,15 Orrvale Road Shepparton VIC Australia 3630
361,120 Pertobe Road 120 Pertobe Road Warrnambool VIC 3280
362,2 Great Ocean Road DO NOT POST Apollo Bay VIC 3233
363,156-166 Melbourne Street Mulwala NSW 2647
364,On Foreshore Rosebud VIC 3939
365,5 Runge Road 5 Runge Road St Arnaud VIC 3478
366,Bluff Road St Leonards VIC Australia 3223
367,2 Burgh Street Stawell VIC Australia 3380
368,1 Mitchell Street Shepparton VIC Australia 3630
369,65-73 Northern Highway Echuca VIC 3564
370,471 Sturt Highway Mildura VIC Australia 3500
371,2057 Western Hwy Rockbank VIC 3940
372,870 Princes Highway Springvale VIC Australia 3171
373,498 Sturt Highway 498 Sturt Highway Mildura VIC 3501
374,9 Village Ave Traralgon VIC 3844
375,75 Barrabool Road Belmont VIC 3216
376,117 Mountain Creek Rd Tawonga VIC 3697
377,VIC 3505
378,222-224 Kiewa Valley Highway Tawonga South VIC Australia 3698
379,1288 Goulburn Valley Hwy 1288 Goulburn Valley Hwy Thornton VIC 3712
380,23 Finlay Road Tongala VIC Australia 3621
381,35 Bell St Torquay VIC 3228
382,835 Weir Road Torrumbarry VIC Australia 3564
383,145 Old Cape Schanck Road Rosebud VIC Australia 3939
384,6723 - 6725 Midland Highway Mooroopna VIC 3629
385,113a Jupiter Boulevard Venus Bay VIC Australia 3956
386,VIC
387,Locked Bag 1000 Shepparton VIC Australia 3630
388,134 Hesse Street 134 Hesse Street Queenscliff VIC 3225
389,110 River Road 110 River Road Walwa VIC 3709
390,79 Parfitt Rd Wangaratta VIC Australia 3677
391,11 Freycinet Street Waratah Bay VIC Australia 3959
392,44 Burke Street Warragul VIC Australia 3820
393,83 Simpson St Warrnambool VIC Australia 3280
394,120 Pertobe Rd 120 Pertobe Rd Warrnambool VIC 3280
395,94 Pethard Rd Robinvale VIC Australia 3549
396,213 Fishermans Road 213 Fishermans Road Welshmans Reef VIC 3462
397,39 Beach Road Werribee South VIC Australia 3030
398,1220 McEwen Road Kyabram VIC Australia 3620
399,6 Lumeah Road Somerville VIC 3912
400,2 Willow Road Bangholme VIC Australia 3175
401,390 foley Road Yanakie VIC 3960
402,186 Melbourne Road Wodonga VIC 3690
403,2 Flinders Way West Wodonga VIC 3690
404,245 Graham Street Wonthaggi VIC Australia 3995
405,33 Church Street Lakes Entrance VIC Australia 3909
406,Great Ocean Rd Great Ocean Rd Wye River VIC 3234
407,1 myrtleford - Yackandandah road Yackandandah VIC Australia 3749
408,Cnr Burley Road & 1 Piper St Yarrawonga VIC Australia 3730
409,Cnr Burley Road & 1 Piper St Yarrawonga VIC Australia 3730
410,33 Brears Road Yarrawonga VIC Australia 3730
411,38 Brears Road Yarrawonga VIC Australia 3730
412,254 Murray Valley Highway Yarrawonga VIC Australia 3730
413,1 Court Street Yea VIC Australia 3717
414,"47A Bluff Road, St Leonards Vic 3223"
