LGA,Postcode
Alpine,3678
Alpine,3691
Alpine,3695
Alpine,3697
Alpine,3698
Alpine,3699
Alpine,3701
Alpine,3735
Alpine,3737
Alpine,3739
Alpine,3740
Alpine,3741
Alpine,3744
Alpine,3747
Alpine,3749
Alpine,3858
Alpine,3862
Alpine,3898
Alpine,3900
Ararat,3272
Ararat,3274
Ararat,3293
Ararat,3294
Ararat,3325
Ararat,3351
Ararat,3361
Ararat,3373
Ararat,3374
Ararat,3375
Ararat,3377
Ararat,3378
Ararat,3379
Ararat,3381
Ararat,3384
Ararat,3469
Ballarat,3334
Ballarat,3350
Ballarat,3351
Ballarat,3352
Ballarat,3355
Ballarat,3356
Ballarat,3357
Ballarat,3363
Ballarat,3364
Ballarat,3370
Banyule,3071
Banyule,3072
Banyule,3073
Banyule,3078
Banyule,3079
Banyule,3081
Banyule,3083
Banyule,3084
Banyule,3085
Banyule,3086
Banyule,3087
Banyule,3088
Banyule,3089
Banyule,3093
Banyule,3094
Banyule,3095
Banyule,3102
Banyule,3104
Banyule,3105
Banyule,3106
Banyule,3107
Bass Coast,3922
Bass Coast,3923
Bass Coast,3925
Bass Coast,3945
Bass Coast,3951
Bass Coast,3956
Bass Coast,3979
Bass Coast,3984
Bass Coast,3987
Bass Coast,3991
Bass Coast,3992
Bass Coast,3995
Bass Coast,3996
Baw Baw,3723
Baw Baw,3783
Baw Baw,3797
Baw Baw,3799
Baw Baw,3815
Baw Baw,3816
Baw Baw,3818
Baw Baw,3820
Baw Baw,3821
Baw Baw,3822
Baw Baw,3823
Baw Baw,3824
Baw Baw,3825
Baw Baw,3831
Baw Baw,3832
Baw Baw,3833
Baw Baw,3835
Baw Baw,3840
Baw Baw,3844
Baw Baw,3854
Baw Baw,3856
Baw Baw,3858
Baw Baw,3871
Baw Baw,3950
Baw Baw,3953
Baw Baw,3981
Baw Baw,3988
Bayside,3162
Bayside,3184
Bayside,3185
Bayside,3186
Bayside,3187
Bayside,3188
Bayside,3189
Bayside,3190
Bayside,3191
Bayside,3192
Bayside,3193
Bayside,3194
Bayside,3204
Benalla,3646
Benalla,3666
Benalla,3669
Benalla,3670
Benalla,3672
Benalla,3673
Benalla,3675
Benalla,3678
Benalla,3720
Benalla,3723
Benalla,3725
Benalla,3726
Benalla,3727
Benalla,3728
Benalla,3733
Boroondara,3067
Boroondara,3078
Boroondara,3079
Boroondara,3101
Boroondara,3102
Boroondara,3103
Boroondara,3104
Boroondara,3105
Boroondara,3108
Boroondara,3121
Boroondara,3122
Boroondara,3123
Boroondara,3124
Boroondara,3125
Boroondara,3126
Boroondara,3127
Boroondara,3129
Boroondara,3142
Boroondara,3144
Boroondara,3145
Boroondara,3146
Boroondara,3147
Brimbank,3012
Brimbank,3019
Brimbank,3020
Brimbank,3021
Brimbank,3022
Brimbank,3023
Brimbank,3024
Brimbank,3026
Brimbank,3029
Brimbank,3030
Brimbank,3033
Brimbank,3034
Brimbank,3036
Brimbank,3037
Brimbank,3038
Brimbank,3042
Brimbank,3043
Brimbank,3045
Brimbank,3335
Brimbank,3427
Brimbank,3428
Buloke,3387
Buloke,3391
Buloke,3392
Buloke,3393
Buloke,3395
Buloke,3478
Buloke,3480
Buloke,3482
Buloke,3483
Buloke,3491
Buloke,3507
Buloke,3518
Buloke,3520
Buloke,3525
Buloke,3527
Buloke,3530
Buloke,3531
Buloke,3533
Buloke,3537
Buloke,3540
Buloke,3542
Buloke,3544
Buloke,3546
Campaspe,2731
Campaspe,3523
Campaspe,3551
Campaspe,3557
Campaspe,3558
Campaspe,3559
Campaspe,3561
Campaspe,3562
Campaspe,3563
Campaspe,3564
Campaspe,3566
Campaspe,3567
Campaspe,3571
Campaspe,3572
Campaspe,3573
Campaspe,3575
Campaspe,3608
Campaspe,3610
Campaspe,3612
Campaspe,3616
Campaspe,3617
Campaspe,3618
Campaspe,3620
Campaspe,3621
Campaspe,3622
Campaspe,3623
Campaspe,3624
Campaspe,3629
Campaspe,3638
Cardinia,3139
Cardinia,3159
Cardinia,3160
Cardinia,3781
Cardinia,3782
Cardinia,3783
Cardinia,3791
Cardinia,3797
Cardinia,3804
Cardinia,3806
Cardinia,3807
Cardinia,3808
Cardinia,3809
Cardinia,3810
Cardinia,3812
Cardinia,3813
Cardinia,3814
Cardinia,3815
Cardinia,3816
Cardinia,3818
Cardinia,3833
Cardinia,3977
Cardinia,3978
Cardinia,3980
Cardinia,3981
Cardinia,3984
Cardinia,3987
Cardinia,3988
Casey,3156
Casey,3175
Casey,3177
Casey,3178
Casey,3802
Casey,3803
Casey,3804
Casey,3805
Casey,3806
Casey,3807
Casey,3808
Casey,3809
Casey,3910
Casey,3911
Casey,3912
Casey,3975
Casey,3976
Casey,3977
Casey,3978
Casey,3980
Casey,3981
Central Goldfields,3352
Central Goldfields,3364
Central Goldfields,3370
Central Goldfields,3371
Central Goldfields,3462
Central Goldfields,3463
Central Goldfields,3464
Central Goldfields,3465
Central Goldfields,3467
Central Goldfields,3472
Central Goldfields,3475
Central Goldfields,3477
Central Goldfields,3478
Central Goldfields,3518
Colac-Otway,3221
Colac-Otway,3231
Colac-Otway,3233
Colac-Otway,3235
Colac-Otway,3236
Colac-Otway,3237
Colac-Otway,3238
Colac-Otway,3239
Colac-Otway,3241
Colac-Otway,3242
Colac-Otway,3243
Colac-Otway,3249
Colac-Otway,3250
Colac-Otway,3251
Colac-Otway,3254
Colac-Otway,3260
Colac-Otway,3266
Colac-Otway,3269
Colac-Otway,3321
Colac-Otway,3324
Colac-Otway,3330
Corangamite,3237
Corangamite,3249
Corangamite,3251
Corangamite,3260
Corangamite,3264
Corangamite,3265
Corangamite,3266
Corangamite,3267
Corangamite,3268
Corangamite,3269
Corangamite,3270
Corangamite,3272
Corangamite,3324
Corangamite,3325
Corangamite,3330
Corangamite,3351
Corangamite,3360
Corangamite,3361
Darebin,3057
Darebin,3058
Darebin,3060
Darebin,3068
Darebin,3070
Darebin,3071
Darebin,3072
Darebin,3073
Darebin,3074
Darebin,3078
Darebin,3079
Darebin,3081
Darebin,3083
Darebin,3085
Darebin,3086
Darebin,3087
East Gippsland,2551
East Gippsland,2627
East Gippsland,2632
East Gippsland,2633
East Gippsland,2649
East Gippsland,3697
East Gippsland,3701
East Gippsland,3707
East Gippsland,3741
East Gippsland,3851
East Gippsland,3858
East Gippsland,3862
East Gippsland,3864
East Gippsland,3865
East Gippsland,3875
East Gippsland,3878
East Gippsland,3880
East Gippsland,3882
East Gippsland,3885
East Gippsland,3886
East Gippsland,3887
East Gippsland,3888
East Gippsland,3889
East Gippsland,3890
East Gippsland,3891
East Gippsland,3892
East Gippsland,3895
East Gippsland,3896
East Gippsland,3898
East Gippsland,3900
East Gippsland,3902
East Gippsland,3903
East Gippsland,3904
East Gippsland,3909
Frankston,3175
Frankston,3197
Frankston,3198
Frankston,3199
Frankston,3200
Frankston,3201
Frankston,3910
Frankston,3911
Frankston,3912
Frankston,3930
Frankston,3977
Gannawarra,2731
Gannawarra,2732
Gannawarra,2735
Gannawarra,3527
Gannawarra,3530
Gannawarra,3537
Gannawarra,3540
Gannawarra,3542
Gannawarra,3544
Gannawarra,3566
Gannawarra,3567
Gannawarra,3568
Gannawarra,3575
Gannawarra,3579
Gannawarra,3580
Gannawarra,3581
Gannawarra,3584
Gannawarra,3585
Gannawarra,3586
Glen Eira,3143
Glen Eira,3144
Glen Eira,3145
Glen Eira,3161
Glen Eira,3162
Glen Eira,3163
Glen Eira,3165
Glen Eira,3166
Glen Eira,3167
Glen Eira,3183
Glen Eira,3184
Glen Eira,3185
Glen Eira,3186
Glen Eira,3187
Glen Eira,3189
Glen Eira,3204
Glenelg,3285
Glenelg,3286
Glenelg,3292
Glenelg,3301
Glenelg,3302
Glenelg,3303
Glenelg,3304
Glenelg,3305
Glenelg,3309
Glenelg,3310
Glenelg,3311
Glenelg,3312
Glenelg,3315
Glenelg,3317
Glenelg,5277
Glenelg,5278
Glenelg,5291
Golden Plains,3221
Golden Plains,3242
Golden Plains,3251
Golden Plains,3321
Golden Plains,3324
Golden Plains,3328
Golden Plains,3329
Golden Plains,3330
Golden Plains,3331
Golden Plains,3332
Golden Plains,3333
Golden Plains,3334
Golden Plains,3340
Golden Plains,3342
Golden Plains,3351
Golden Plains,3352
Golden Plains,3356
Golden Plains,3360
Golden Plains,3361
Greater Bendigo,3444
Greater Bendigo,3448
Greater Bendigo,3453
Greater Bendigo,3463
Greater Bendigo,3515
Greater Bendigo,3516
Greater Bendigo,3522
Greater Bendigo,3523
Greater Bendigo,3550
Greater Bendigo,3551
Greater Bendigo,3555
Greater Bendigo,3556
Greater Bendigo,3557
Greater Bendigo,3558
Greater Bendigo,3559
Greater Bendigo,3561
Greater Bendigo,3570
Greater Bendigo,3572
Greater Bendigo,3608
Greater Bendigo,3662
Greater Dandenong,3168
Greater Dandenong,3169
Greater Dandenong,3170
Greater Dandenong,3171
Greater Dandenong,3172
Greater Dandenong,3173
Greater Dandenong,3174
Greater Dandenong,3175
Greater Dandenong,3177
Greater Dandenong,3178
Greater Dandenong,3195
Greater Dandenong,3196
Greater Dandenong,3197
Greater Dandenong,3201
Greater Dandenong,3802
Greater Dandenong,3803
Greater Dandenong,3975
Greater Dandenong,3976
Greater Dandenong,3977
Greater Geelong,3024
Greater Geelong,3030
Greater Geelong,3211
Greater Geelong,3212
Greater Geelong,3214
Greater Geelong,3215
Greater Geelong,3216
Greater Geelong,3217
Greater Geelong,3218
Greater Geelong,3219
Greater Geelong,3220
Greater Geelong,3221
Greater Geelong,3222
Greater Geelong,3223
Greater Geelong,3224
Greater Geelong,3225
Greater Geelong,3226
Greater Geelong,3227
Greater Geelong,3228
Greater Geelong,3240
Greater Geelong,3331
Greater Geelong,3340
Greater Geelong,3342
Greater Shepparton,3608
Greater Shepparton,3610
Greater Shepparton,3612
Greater Shepparton,3614
Greater Shepparton,3616
Greater Shepparton,3617
Greater Shepparton,3618
Greater Shepparton,3620
Greater Shepparton,3623
Greater Shepparton,3624
Greater Shepparton,3629
Greater Shepparton,3630
Greater Shepparton,3631
Greater Shepparton,3633
Greater Shepparton,3634
Greater Shepparton,3635
Greater Shepparton,3636
Greater Shepparton,3638
Greater Shepparton,3646
Greater Shepparton,3666
Greater Shepparton,3669
Greater Shepparton,3726
Hepburn,3341
Hepburn,3345
Hepburn,3350
Hepburn,3352
Hepburn,3363
Hepburn,3364
Hepburn,3370
Hepburn,3371
Hepburn,3442
Hepburn,3444
Hepburn,3446
Hepburn,3447
Hepburn,3451
Hepburn,3458
Hepburn,3460
Hepburn,3461
Hepburn,3462
Hindmarsh,3391
Hindmarsh,3393
Hindmarsh,3395
Hindmarsh,3401
Hindmarsh,3409
Hindmarsh,3414
Hindmarsh,3418
Hindmarsh,3419
Hindmarsh,3420
Hindmarsh,3423
Hindmarsh,3424
Hindmarsh,3490
Hobsons Bay,3012
Hobsons Bay,3013
Hobsons Bay,3015
Hobsons Bay,3016
Hobsons Bay,3018
Hobsons Bay,3025
Hobsons Bay,3026
Hobsons Bay,3027
Hobsons Bay,3028
Hobsons Bay,3030
Hobsons Bay,3207
Horsham,3314
Horsham,3317
Horsham,3381
Horsham,3385
Horsham,3390
Horsham,3392
Horsham,3400
Horsham,3401
Horsham,3407
Horsham,3409
Horsham,3414
Horsham,3418
Hume,3036
Hume,3037
Hume,3042
Hume,3043
Hume,3045
Hume,3046
Hume,3047
Hume,3048
Hume,3049
Hume,3059
Hume,3060
Hume,3061
Hume,3062
Hume,3063
Hume,3064
Hume,3074
Hume,3075
Hume,3427
Hume,3428
Hume,3429
Hume,3430
Hume,3431
Hume,3437
Hume,3750
Hume,3751
Hume,3756
Indigo,2640
Indigo,2643
Indigo,2646
Indigo,3678
Indigo,3682
Indigo,3683
Indigo,3685
Indigo,3687
Indigo,3688
Indigo,3691
Indigo,3695
Indigo,3701
Indigo,3730
Indigo,3737
Indigo,3747
Indigo,3749
Kingston,3165
Kingston,3167
Kingston,3168
Kingston,3169
Kingston,3171
Kingston,3172
Kingston,3173
Kingston,3175
Kingston,3188
Kingston,3189
Kingston,3190
Kingston,3192
Kingston,3193
Kingston,3194
Kingston,3195
Kingston,3196
Kingston,3197
Kingston,3198
Kingston,3201
Kingston,3202
Kingston,3204
Knox,3133
Knox,3134
Knox,3135
Knox,3137
Knox,3150
Knox,3152
Knox,3153
Knox,3154
Knox,3155
Knox,3156
Knox,3158
Knox,3170
Knox,3175
Knox,3178
Knox,3179
Knox,3180
Knox,3785
Knox,3786
Knox,3787
Knox,3788
Knox,3802
Knox,3804
Latrobe,3824
Latrobe,3825
Latrobe,3835
Latrobe,3840
Latrobe,3842
Latrobe,3844
Latrobe,3847
Latrobe,3854
Latrobe,3856
Latrobe,3857
Latrobe,3858
Latrobe,3869
Latrobe,3870
Latrobe,3871
Latrobe,3873
Latrobe,3960
Latrobe,3966
Latrobe,3971
Loddon,3463
Loddon,3472
Loddon,3475
Loddon,3477
Loddon,3478
Loddon,3515
Loddon,3516
Loddon,3517
Loddon,3518
Loddon,3520
Loddon,3525
Loddon,3527
Loddon,3537
Loddon,3540
Loddon,3551
Loddon,3556
Loddon,3558
Loddon,3566
Loddon,3567
Loddon,3568
Loddon,3570
Loddon,3571
Loddon,3572
Loddon,3573
Loddon,3575
Loddon,3579
Macedon Ranges,3064
Macedon Ranges,3337
Macedon Ranges,3340
Macedon Ranges,3341
Macedon Ranges,3427
Macedon Ranges,3429
Macedon Ranges,3430
Macedon Ranges,3431
Macedon Ranges,3433
Macedon Ranges,3434
Macedon Ranges,3435
Macedon Ranges,3437
Macedon Ranges,3438
Macedon Ranges,3440
Macedon Ranges,3441
Macedon Ranges,3442
Macedon Ranges,3444
Macedon Ranges,3446
Macedon Ranges,3447
Macedon Ranges,3458
Macedon Ranges,3461
Macedon Ranges,3521
Macedon Ranges,3522
Macedon Ranges,3756
Macedon Ranges,3758
Macedon Ranges,3764
Manningham,3079
Manningham,3084
Manningham,3093
Manningham,3095
Manningham,3097
Manningham,3104
Manningham,3105
Manningham,3106
Manningham,3107
Manningham,3108
Manningham,3109
Manningham,3111
Manningham,3113
Manningham,3114
Manningham,3115
Manningham,3116
Manningham,3129
Manningham,3130
Manningham,3131
Manningham,3132
Manningham,3134
Manningham,3136
Manningham,3775
Mansfield,3666
Mansfield,3670
Mansfield,3673
Mansfield,3678
Mansfield,3713
Mansfield,3714
Mansfield,3715
Mansfield,3719
Mansfield,3720
Mansfield,3722
Mansfield,3723
Mansfield,3799
Mansfield,3833
Mansfield,3858
Maribyrnong,3003
Maribyrnong,3011
Maribyrnong,3012
Maribyrnong,3013
Maribyrnong,3015
Maribyrnong,3019
Maribyrnong,3020
Maribyrnong,3031
Maribyrnong,3032
Maribyrnong,3034
Maribyrnong,3039
Maribyrnong,3040
Maroondah,3111
Maroondah,3114
Maroondah,3115
Maroondah,3116
Maroondah,3132
Maroondah,3133
Maroondah,3134
Maroondah,3135
Maroondah,3136
Maroondah,3137
Maroondah,3138
Maroondah,3152
Maroondah,3153
Maroondah,3155
Melbourne,3000
Melbourne,3002
Melbourne,3003
Melbourne,3004
Melbourne,3005
Melbourne,3006
Melbourne,3008
Melbourne,3010
Melbourne,3011
Melbourne,3013
Melbourne,3015
Melbourne,3031
Melbourne,3032
Melbourne,3051
Melbourne,3052
Melbourne,3053
Melbourne,3054
Melbourne,3055
Melbourne,3056
Melbourne,3065
Melbourne,3066
Melbourne,3068
Melbourne,3121
Melbourne,3141
Melbourne,3181
Melbourne,3205
Melbourne,3206
Melbourne,3207
Melton,3021
Melton,3023
Melton,3024
Melton,3029
Melton,3030
Melton,3037
Melton,3335
Melton,3337
Melton,3338
Melton,3340
Melton,3427
Melton,3429
Melton,3437
Mildura,2648
Mildura,2717
Mildura,2737
Mildura,2738
Mildura,2739
Mildura,3420
Mildura,3490
Mildura,3491
Mildura,3494
Mildura,3496
Mildura,3498
Mildura,3500
Mildura,3501
Mildura,3505
Mildura,3507
Mildura,3509
Mildura,3512
Mildura,3533
Mildura,3546
Mildura,3549
Mildura,5267
Mildura,5302
Mildura,5303
Mildura,5311
Mildura,5340
Mildura,5440
Mitchell,3064
Mitchell,3430
Mitchell,3435
Mitchell,3444
Mitchell,3521
Mitchell,3522
Mitchell,3523
Mitchell,3608
Mitchell,3658
Mitchell,3659
Mitchell,3660
Mitchell,3662
Mitchell,3663
Mitchell,3664
Mitchell,3666
Mitchell,3717
Mitchell,3751
Mitchell,3753
Mitchell,3756
Mitchell,3757
Mitchell,3758
Mitchell,3764
Moira,2646
Moira,2647
Moira,2710
Moira,2712
Moira,2714
Moira,2731
Moira,3564
Moira,3620
Moira,3629
Moira,3634
Moira,3635
Moira,3636
Moira,3637
Moira,3638
Moira,3639
Moira,3640
Moira,3641
Moira,3644
Moira,3646
Moira,3649
Moira,3678
Moira,3682
Moira,3726
Moira,3727
Moira,3728
Moira,3730
Monash,3125
Monash,3133
Monash,3145
Monash,3146
Monash,3147
Monash,3148
Monash,3149
Monash,3150
Monash,3151
Monash,3152
Monash,3163
Monash,3165
Monash,3166
Monash,3167
Monash,3168
Monash,3169
Monash,3170
Monash,3171
Monash,3174
Monash,3175
Monash,3178
Monash,3179
Monash,3800
Moonee Valley,3011
Moonee Valley,3012
Moonee Valley,3019
Moonee Valley,3020
Moonee Valley,3031
Moonee Valley,3032
Moonee Valley,3033
Moonee Valley,3034
Moonee Valley,3039
Moonee Valley,3040
Moonee Valley,3041
Moonee Valley,3042
Moonee Valley,3043
Moonee Valley,3044
Moonee Valley,3046
Moonee Valley,3051
Moonee Valley,3052
Moonee Valley,3055
Moorabool,3024
Moorabool,3331
Moorabool,3333
Moorabool,3334
Moorabool,3337
Moorabool,3338
Moorabool,3340
Moorabool,3341
Moorabool,3342
Moorabool,3345
Moorabool,3350
Moorabool,3352
Moorabool,3357
Moorabool,3363
Moorabool,3364
Moorabool,3437
Moorabool,3442
Moorabool,3458
Moorabool,3461
Merri-bek,3032
Merri-bek,3039
Merri-bek,3040
Merri-bek,3041
Merri-bek,3042
Merri-bek,3043
Merri-bek,3044
Merri-bek,3046
Merri-bek,3047
Merri-bek,3052
Merri-bek,3054
Merri-bek,3055
Merri-bek,3056
Merri-bek,3057
Merri-bek,3058
Merri-bek,3060
Merri-bek,3061
Merri-bek,3068
Merri-bek,3070
Merri-bek,3071
Merri-bek,3072
Merri-bek,3073
Merri-bek,3074
Mornington Peninsula,3199
Mornington Peninsula,3911
Mornington Peninsula,3912
Mornington Peninsula,3913
Mornington Peninsula,3915
Mornington Peninsula,3916
Mornington Peninsula,3918
Mornington Peninsula,3919
Mornington Peninsula,3920
Mornington Peninsula,3926
Mornington Peninsula,3927
Mornington Peninsula,3928
Mornington Peninsula,3929
Mornington Peninsula,3930
Mornington Peninsula,3931
Mornington Peninsula,3933
Mornington Peninsula,3934
Mornington Peninsula,3936
Mornington Peninsula,3937
Mornington Peninsula,3938
Mornington Peninsula,3939
Mornington Peninsula,3940
Mornington Peninsula,3941
Mornington Peninsula,3942
Mornington Peninsula,3943
Mornington Peninsula,3944
Mount Alexander,3364
Mount Alexander,3444
Mount Alexander,3447
Mount Alexander,3448
Mount Alexander,3450
Mount Alexander,3451
Mount Alexander,3453
Mount Alexander,3461
Mount Alexander,3462
Mount Alexander,3463
Mount Alexander,3464
Mount Alexander,3472
Mount Alexander,3522
Mount Alexander,3551
Moyne,3260
Moyne,3264
Moyne,3265
Moyne,3266
Moyne,3268
Moyne,3269
Moyne,3270
Moyne,3272
Moyne,3273
Moyne,3274
Moyne,3275
Moyne,3276
Moyne,3277
Moyne,3278
Moyne,3280
Moyne,3281
Moyne,3282
Moyne,3283
Moyne,3284
Moyne,3285
Moyne,3286
Moyne,3287
Moyne,3289
Moyne,3293
Moyne,3301
Moyne,3303
Moyne,3304
Moyne,3325
Moyne,3351
Murrindindi,3099
Murrindindi,3658
Murrindindi,3659
Murrindindi,3660
Murrindindi,3666
Murrindindi,3711
Murrindindi,3712
Murrindindi,3713
Murrindindi,3714
Murrindindi,3715
Murrindindi,3717
Murrindindi,3719
Murrindindi,3720
Murrindindi,3723
Murrindindi,3757
Murrindindi,3763
Murrindindi,3775
Murrindindi,3777
Murrindindi,3778
Murrindindi,3779
Murrindindi,3799
Nillumbik,3082
Nillumbik,3083
Nillumbik,3087
Nillumbik,3088
Nillumbik,3089
Nillumbik,3090
Nillumbik,3091
Nillumbik,3093
Nillumbik,3094
Nillumbik,3095
Nillumbik,3096
Nillumbik,3097
Nillumbik,3099
Nillumbik,3106
Nillumbik,3113
Nillumbik,3115
Nillumbik,3116
Nillumbik,3752
Nillumbik,3754
Nillumbik,3755
Nillumbik,3757
Nillumbik,3759
Nillumbik,3760
Nillumbik,3761
Nillumbik,3763
Nillumbik,3770
Nillumbik,3775
Nillumbik,3777
Northern Grampians,3294
Northern Grampians,3314
Northern Grampians,3374
Northern Grampians,3375
Northern Grampians,3377
Northern Grampians,3379
Northern Grampians,3380
Northern Grampians,3381
Northern Grampians,3384
Northern Grampians,3385
Northern Grampians,3387
Northern Grampians,3388
Northern Grampians,3390
Northern Grampians,3392
Northern Grampians,3401
Northern Grampians,3469
Northern Grampians,3475
Northern Grampians,3477
Northern Grampians,3478
Northern Grampians,3480
Northern Grampians,3518
Northern Grampians,3525
Port Phillip,3004
Port Phillip,3006
Port Phillip,3141
Port Phillip,3143
Port Phillip,3161
Port Phillip,3181
Port Phillip,3182
Port Phillip,3183
Port Phillip,3184
Port Phillip,3185
Port Phillip,3186
Port Phillip,3205
Port Phillip,3206
Port Phillip,3207
Pyrenees,3325
Pyrenees,3351
Pyrenees,3352
Pyrenees,3360
Pyrenees,3361
Pyrenees,3371
Pyrenees,3373
Pyrenees,3375
Pyrenees,3378
Pyrenees,3384
Pyrenees,3465
Pyrenees,3467
Pyrenees,3468
Pyrenees,3469
Pyrenees,3475
Pyrenees,3477
Pyrenees,3478
Queenscliffe,3222
Queenscliffe,3225
Southern Grampians,3274
Southern Grampians,3286
Southern Grampians,3287
Southern Grampians,3289
Southern Grampians,3293
Southern Grampians,3294
Southern Grampians,3300
Southern Grampians,3301
Southern Grampians,3302
Southern Grampians,3303
Southern Grampians,3310
Southern Grampians,3311
Southern Grampians,3312
Southern Grampians,3314
Southern Grampians,3315
Southern Grampians,3317
Southern Grampians,3351
Southern Grampians,3379
Southern Grampians,3381
Southern Grampians,3401
Southern Grampians,3407
South Gippsland,3818
South Gippsland,3821
South Gippsland,3823
South Gippsland,3824
South Gippsland,3835
South Gippsland,3870
South Gippsland,3871
South Gippsland,3945
South Gippsland,3950
South Gippsland,3951
South Gippsland,3953
South Gippsland,3954
South Gippsland,3956
South Gippsland,3957
South Gippsland,3958
South Gippsland,3959
South Gippsland,3960
South Gippsland,3962
South Gippsland,3965
South Gippsland,3966
South Gippsland,3971
South Gippsland,3979
South Gippsland,3981
South Gippsland,3984
South Gippsland,3987
South Gippsland,3988
South Gippsland,3995
South Gippsland,3996
Stonnington,3004
Stonnington,3121
Stonnington,3122
Stonnington,3123
Stonnington,3141
Stonnington,3142
Stonnington,3143
Stonnington,3144
Stonnington,3145
Stonnington,3146
Stonnington,3147
Stonnington,3148
Stonnington,3161
Stonnington,3163
Stonnington,3166
Stonnington,3181
Stonnington,3182
Stonnington,3183
Strathbogie,3523
Strathbogie,3551
Strathbogie,3608
Strathbogie,3610
Strathbogie,3612
Strathbogie,3631
Strathbogie,3646
Strathbogie,3660
Strathbogie,3662
Strathbogie,3663
Strathbogie,3664
Strathbogie,3666
Strathbogie,3669
Strathbogie,3670
Strathbogie,3715
Strathbogie,3719
Strathbogie,3720
Strathbogie,3726
Surf Coast,3216
Surf Coast,3221
Surf Coast,3227
Surf Coast,3228
Surf Coast,3230
Surf Coast,3231
Surf Coast,3232
Surf Coast,3235
Surf Coast,3240
Surf Coast,3241
Surf Coast,3242
Surf Coast,3243
Surf Coast,3321
Swan Hill,2715
Swan Hill,2735
Swan Hill,2736
Swan Hill,2737
Swan Hill,3501
Swan Hill,3507
Swan Hill,3530
Swan Hill,3533
Swan Hill,3542
Swan Hill,3544
Swan Hill,3546
Swan Hill,3549
Swan Hill,3579
Swan Hill,3584
Swan Hill,3585
Swan Hill,3586
Swan Hill,3588
Swan Hill,3589
Swan Hill,3590
Swan Hill,3591
Swan Hill,3594
Swan Hill,3595
Swan Hill,3596
Swan Hill,3597
Towong,2640
Towong,2642
Towong,2644
Towong,2649
Towong,3691
Towong,3695
Towong,3697
Towong,3700
Towong,3701
Towong,3705
Towong,3707
Towong,3709
Towong,3885
Towong,3900
Wangaratta,3673
Wangaratta,3675
Wangaratta,3677
Wangaratta,3678
Wangaratta,3682
Wangaratta,3683
Wangaratta,3723
Wangaratta,3726
Wangaratta,3728
Wangaratta,3730
Wangaratta,3732
Wangaratta,3733
Wangaratta,3735
Wangaratta,3737
Wangaratta,3746
Wangaratta,3747
Wangaratta,3858
Warrnambool,3275
Warrnambool,3277
Warrnambool,3280
Warrnambool,3281
Warrnambool,3282
Wellington,3678
Wellington,3723
Wellington,3737
Wellington,3741
Wellington,3825
Wellington,3833
Wellington,3844
Wellington,3847
Wellington,3850
Wellington,3851
Wellington,3852
Wellington,3854
Wellington,3856
Wellington,3857
Wellington,3858
Wellington,3859
Wellington,3860
Wellington,3862
Wellington,3864
Wellington,3870
Wellington,3873
Wellington,3874
Wellington,3875
Wellington,3880
Wellington,3898
Wellington,3960
Wellington,3962
Wellington,3966
Wellington,3971
West Wimmera,3312
West Wimmera,3315
West Wimmera,3317
West Wimmera,3318
West Wimmera,3319
West Wimmera,3401
West Wimmera,3407
West Wimmera,3409
West Wimmera,3412
West Wimmera,3413
West Wimmera,3418
West Wimmera,3419
West Wimmera,3420
West Wimmera,3490
West Wimmera,5262
West Wimmera,5263
West Wimmera,5267
West Wimmera,5268
West Wimmera,5269
West Wimmera,5271
West Wimmera,5277
Whitehorse,3103
Whitehorse,3104
Whitehorse,3108
Whitehorse,3109
Whitehorse,3111
Whitehorse,3124
Whitehorse,3125
Whitehorse,3127
Whitehorse,3128
Whitehorse,3129
Whitehorse,3130
Whitehorse,3131
Whitehorse,3132
Whitehorse,3133
Whitehorse,3134
Whitehorse,3146
Whitehorse,3149
Whitehorse,3150
Whitehorse,3151
Whitehorse,3152
Whittlesea,3061
Whittlesea,3062
Whittlesea,3064
Whittlesea,3073
Whittlesea,3074
Whittlesea,3075
Whittlesea,3076
Whittlesea,3082
Whittlesea,3083
Whittlesea,3088
Whittlesea,3090
Whittlesea,3091
Whittlesea,3099
Whittlesea,3658
Whittlesea,3750
Whittlesea,3751
Whittlesea,3752
Whittlesea,3753
Whittlesea,3754
Whittlesea,3755
Whittlesea,3756
Whittlesea,3757
Wodonga,2640
Wodonga,3688
Wodonga,3690
Wodonga,3691
Wodonga,3694
Wodonga,3749
Wyndham,3012
Wyndham,3018
Wyndham,3020
Wyndham,3024
Wyndham,3025
Wyndham,3026
Wyndham,3027
Wyndham,3028
Wyndham,3029
Wyndham,3030
Wyndham,3211
Wyndham,3212
Wyndham,3338
Wyndham,3340
Yarra,3002
Yarra,3004
Yarra,3053
Yarra,3054
Yarra,3056
Yarra,3057
Yarra,3065
Yarra,3066
Yarra,3067
Yarra,3068
Yarra,3070
Yarra,3078
Yarra,3079
Yarra,3101
Yarra,3102
Yarra,3121
Yarra,3122
Yarra,3141
Yarra,3142
Yarra Ranges,3115
Yarra Ranges,3116
Yarra Ranges,3136
Yarra Ranges,3137
Yarra Ranges,3138
Yarra Ranges,3139
Yarra Ranges,3140
Yarra Ranges,3153
Yarra Ranges,3154
Yarra Ranges,3155
Yarra Ranges,3156
Yarra Ranges,3158
Yarra Ranges,3159
Yarra Ranges,3160
Yarra Ranges,3713
Yarra Ranges,3723
Yarra Ranges,3763
Yarra Ranges,3765
Yarra Ranges,3766
Yarra Ranges,3767
Yarra Ranges,3770
Yarra Ranges,3775
Yarra Ranges,3777
Yarra Ranges,3778
Yarra Ranges,3781
Yarra Ranges,3782
Yarra Ranges,3783
Yarra Ranges,3785
Yarra Ranges,3786
Yarra Ranges,3787
Yarra Ranges,3788
Yarra Ranges,3789
Yarra Ranges,3791
Yarra Ranges,3792
Yarra Ranges,3793
Yarra Ranges,3795
Yarra Ranges,3796
Yarra Ranges,3797
Yarra Ranges,3799
Yarra Ranges,3804
Yarra Ranges,3806
Yarra Ranges,3808
Yarra Ranges,3833
Yarriambiack,3385
Yarriambiack,3387
Yarriambiack,3388
Yarriambiack,3390
Yarriambiack,3391
Yarriambiack,3392
Yarriambiack,3393
Yarriambiack,3395
Yarriambiack,3396
Yarriambiack,3401
Yarriambiack,3414
Yarriambiack,3423
Yarriambiack,3424
Yarriambiack,3480
Yarriambiack,3482
Yarriambiack,3485
Yarriambiack,3490
Yarriambiack,3491
Yarriambiack,3507
Yarriambiack,3531
Yarriambiack,3533
